{
  "scenario": "temperature",
  "metadata": {
    "type": "temperature_forecast",
    "location": "Synthetic temperate coastal city",
    "sensors": [
      "seasonal_warm_surge",
      "seasonal_cold_dip",
      "afternoon_sun_gain",
      "predawn_radiation_loss",
      "warm_gust_anomaly",
      "cold_gust_anomaly",
      "heatwave_alert",
      "freeze_alert",
      "morning_ramp",
      "evening_plateau",
      "warm_season_indicator",
      "rapid_warming_flag"
    ],
    "window_size": 24,
    "noise_probability": 0.07,
    "event_probability": 0.42,
    "n_sequences": 120,
    "sequence_length": 24,
    "samples": 2880,
    "positives": 2160,
    "target": "next_hour_temperature",
    "description": "Hourly temperatures with combined annual and diurnal cycles and injected stochastic gusts."
  },
  "hyperparameters": {
    "epochs": 25,
    "n_clauses": 80,
    "threshold": 18,
    "s": 3.0,
    "seed": 21,
    "test_size": 0.2
  },
  "training": {
    "epochs": [
      1,
      2,
      3,
      4,
      5,
      6,
      7,
      8,
      9,
      10,
      11,
      12,
      13,
      14,
      15,
      16,
      17,
      18,
      19,
      20,
      21,
      22,
      23,
      24,
      25
    ],
    "train_accuracy": [
      0.803337,
      0.837233,
      0.863616,
      0.883991,
      0.899546,
      0.911242,
      0.919875,
      0.926115,
      0.930539,
      0.933642,
      0.935849,
      0.937513,
      0.938917,
      0.940267,
      0.941696,
      0.943267,
      0.944977,
      0.946772,
      0.948557,
      0.950216,
      0.951631,
      0.952694,
      0.953325,
      0.953486,
      0.953182
    ],
    "test_accuracy": [
      0.761305,
      0.793948,
      0.819621,
      0.839664,
      0.855156,
      0.866989,
      0.875909,
      0.882559,
      0.887491,
      0.891182,
      0.89403,
      0.896357,
      0.898407,
      0.900345,
      0.90226,
      0.904174,
      0.906051,
      0.90782,
      0.909384,
      0.910649,
      0.911534,
      0.911991,
      0.912012,
      0.911634,
      0.910934
    ],
    "final_test_accuracy": 0.910934,
    "best_test_accuracy": 0.912012
  }
}