{
  "scenario": "industrial",
  "metadata": {
    "type": "industrial",
    "sensor_count": 3000,
    "hazard_probability": 0.2,
    "noise_probability": 0.02,
    "samples": 2400,
    "hazard_rules": [
      "Engine thermal runaway",
      "Pump cavitation",
      "Fuel starvation",
      "Turbine imbalance",
      "Hydraulic overheating"
    ],
    "rule_counts": {
      "Engine thermal runaway": 90,
      "Pump cavitation": 100,
      "Fuel starvation": 99,
      "Turbine imbalance": 92,
      "Hydraulic overheating": 90
    },
    "snapshot_interval_seconds": 10
  },
  "hyperparameters": {
    "epochs": 30,
    "n_clauses": 60,
    "threshold": 15,
    "s": 3.5,
    "seed": 13,
    "test_size": 0.25
  },
  "training": {
    "epochs": [
      1,
      2,
      3,
      4,
      5,
      6,
      7,
      8,
      9,
      10,
      11,
      12,
      13,
      14,
      15,
      16,
      17,
      18,
      19,
      20,
      21,
      22,
      23,
      24,
      25,
      26,
      27,
      28,
      29,
      30
    ],
    "train_accuracy": [
      0.9822222222222222,
      0.9972222222222222,
      0.9994444444444445,
      0.9994444444444445,
      0.9977777777777778,
      0.9983333333333333,
      1.0,
      1.0,
      1.0,
      1.0,
      1.0,
      1.0,
      1.0,
      1.0,
      1.0,
      1.0,
      1.0,
      1.0,
      1.0,
      1.0,
      1.0,
      1.0,
      1.0,
      1.0,
      1.0,
      1.0,
      1.0,
      1.0,
      1.0,
      1.0
    ],
    "test_accuracy": [
      0.9483333333333334,
      0.9633333333333334,
      0.965,
      0.97,
      0.9683333333333334,
      0.97,
      0.975,
      0.975,
      0.975,
      0.975,
      0.975,
      0.975,
      0.975,
      0.975,
      0.975,
      0.975,
      0.975,
      0.975,
      0.975,
      0.975,
      0.975,
      0.975,
      0.975,
      0.975,
      0.975,
      0.975,
      0.975,
      0.975,
      0.975,
      0.975
    ],
    "final_test_accuracy": 0.975,
    "best_test_accuracy": 0.975
  }
}