sensor_count,samples,train_epochs,train_time_seconds,test_accuracy,repetitions,total_predictions,elapsed_seconds,per_sample_seconds,samples_per_second,prediction_window_seconds,window_utilisation,rss_baseline_bytes,rss_peak_bytes,rss_final_bytes
750.0,1600.0,5.0,0.4463998689998334,0.9725,6.0,9600.0,0.7060555299999578,7.354745104166228e-05,13596.664273701777,10.0,7.354745104166228e-06,154517504.0,154517504.0,154517504.0
1500.0,1600.0,5.0,0.9045160629998463,0.9525,6.0,9600.0,1.4155997180000668,0.0001474583039583403,6781.578067536424,10.0,1.474583039583403e-05,183615488.0,183615488.0,183615488.0
2250.0,1600.0,5.0,1.3995883070001582,0.95,6.0,9600.0,2.18713445100002,0.00022782650531250208,4389.3049170391005,10.0,2.278265053125021e-05,212582400.0,212582400.0,212582400.0
3000.0,1600.0,5.0,1.9007893590001004,0.9475,6.0,9600.0,2.9334629529998892,0.0003055690576041551,3272.582662134054,10.0,3.055690576041551e-05,241549312.0,241549312.0,241549312.0
