{
  "scenario": "maritime",
  "metadata": {
    "type": "maritime",
    "sensors": [
      "wave_height_gt_6m",
      "surface_temp_below_12c",
      "hull_vibration_gt_70",
      "barometric_drop_gt_8hpa"
    ],
    "window_size": 5,
    "noise_probability": 0.09,
    "event_probability": 0.5,
    "n_sequences": 180,
    "sequence_length": 30,
    "hazard_pattern": [
      1,
      0,
      1,
      0,
      1,
      1,
      1,
      1,
      1,
      1,
      1,
      1,
      1,
      1,
      1,
      1,
      1,
      0,
      1,
      1
    ],
    "positives": 96,
    "samples": 4680
  },
  "hyperparameters": {
    "epochs": 20,
    "n_clauses": 60,
    "threshold": 15,
    "s": 3.5,
    "seed": 13,
    "test_size": 0.25
  },
  "training": {
    "epochs": [
      1,
      2,
      3,
      4,
      5,
      6,
      7,
      8,
      9,
      10,
      11,
      12,
      13,
      14,
      15,
      16,
      17,
      18,
      19,
      20
    ],
    "train_accuracy": [
      0.9390313390313391,
      0.9886039886039886,
      0.994017094017094,
      0.9977207977207977,
      0.9917378917378917,
      0.998005698005698,
      0.9903133903133903,
      0.9931623931623932,
      0.9968660968660968,
      0.9897435897435898,
      0.9991452991452991,
      0.9977207977207977,
      0.9977207977207977,
      0.9948717948717949,
      0.998005698005698,
      0.9911680911680911,
      0.9991452991452991,
      0.9991452991452991,
      0.9974358974358974,
      0.9934472934472934
    ],
    "test_accuracy": [
      0.9461538461538461,
      0.9957264957264957,
      0.9897435897435898,
      0.994017094017094,
      0.9957264957264957,
      0.9974358974358974,
      0.9863247863247864,
      0.9914529914529915,
      0.9982905982905983,
      0.9905982905982906,
      0.9982905982905983,
      0.9982905982905983,
      0.9974358974358974,
      0.9931623931623932,
      0.9982905982905983,
      0.9863247863247864,
      0.9982905982905983,
      0.9982905982905983,
      0.9974358974358974,
      0.9888888888888889
    ],
    "final_test_accuracy": 0.9888888888888889,
    "best_test_accuracy": 0.9982905982905983
  }
}