epoch,train_accuracy,test_accuracy
1,0.939031,0.946154
2,0.988604,0.995726
3,0.994017,0.989744
4,0.997721,0.994017
5,0.991738,0.995726
6,0.998006,0.997436
7,0.990313,0.986325
8,0.993162,0.991453
9,0.996866,0.998291
10,0.989744,0.990598
11,0.999145,0.998291
12,0.997721,0.998291
13,0.997721,0.997436
14,0.994872,0.993162
15,0.998006,0.998291
16,0.991168,0.986325
17,0.999145,0.998291
18,0.999145,0.998291
19,0.997436,0.997436
20,0.993447,0.988889
